{
  "distinct_values_cnt": {
    "mu": 4.768041,
    "sigma": 0.904063
  },
  "distinct_values_pct": {
    "mu": 0.989691,
    "sigma": 0.10101
  },
  "missing_values_pct": {
    "mu": 0.046392,
    "sigma": 0.180813
  },
  "val_size_avg": {
    "mu": 9.297872,
    "sigma": 4.126896
  },
  "val_size_min": {
    "mu": 9.148936,
    "sigma": 4.089315
  },
  "val_size_max": {
    "mu": 9.468085,
    "sigma": 4.26191
  },
  "val_size_std": {
    "mu": 0.106346,
    "sigma": 0.423472
  },
  "val_pct_median": {
    "mu": 0.253191,
    "sigma": 0.173636
  },
  "val_pct_min": {
    "mu": 0.253191,
    "sigma": 0.173636
  },
  "val_pct_max": {
    "mu": 0.253191,
    "sigma": 0.173636
  },
  "val_pct_std": {
    "mu": 0.0,
    "sigma": 1.0
  },
  "mean": {
    "mu": 97760734396752.48,
    "sigma": 829097306079129.6
  },
  "std": {
    "mu": 30205001165250.867,
    "sigma": 273513934221587.66
  },
  "min_val": {
    "mu": 48712305556696.2,
    "sigma": 503449839798008.7
  },
  "max_val": {
    "mu": 130752501118928.3,
    "sigma": 1105703284333169.4
  },
  "range_val": {
    "mu": 82040195562232.11,
    "sigma": 746329270962953.5
  },
  "co_of_var": {
    "mu": 0.34597,
    "sigma": 0.237817
  }
}